-- phpMyAdmin SQL Dump
-- version 4.4.12
-- http://www.phpmyadmin.net
--
-- Servidor: 127.0.0.1
-- Tiempo de generación: 05-06-2016 a las 21:48:27
-- Versión del servidor: 5.6.25
-- Versión de PHP: 5.6.11

SET SQL_MODE = "NO_AUTO_VALUE_ON_ZERO";
SET time_zone = "+00:00";


/*!40101 SET @OLD_CHARACTER_SET_CLIENT=@@CHARACTER_SET_CLIENT */;
/*!40101 SET @OLD_CHARACTER_SET_RESULTS=@@CHARACTER_SET_RESULTS */;
/*!40101 SET @OLD_COLLATION_CONNECTION=@@COLLATION_CONNECTION */;
/*!40101 SET NAMES utf8mb4 */;

--
-- Base de datos: `sds`
--

-- --------------------------------------------------------

--
-- Estructura de tabla para la tabla `chat`
--

CREATE TABLE IF NOT EXISTS `chat` (
  `id` int(11) NOT NULL,
  `nombre` varchar(50) NOT NULL,
  `ultimaClave` int(11) NOT NULL
) ENGINE=InnoDB AUTO_INCREMENT=20 DEFAULT CHARSET=latin1;

--
-- Volcado de datos para la tabla `chat`
--

INSERT INTO `chat` (`id`, `nombre`, `ultimaClave`) VALUES
(19, 'Chat con pepa y pipo', 29);

-- --------------------------------------------------------

--
-- Estructura de tabla para la tabla `clavesmensajes`
--

CREATE TABLE IF NOT EXISTS `clavesmensajes` (
  `id` int(11) NOT NULL
) ENGINE=InnoDB AUTO_INCREMENT=30 DEFAULT CHARSET=latin1;

--
-- Volcado de datos para la tabla `clavesmensajes`
--

INSERT INTO `clavesmensajes` (`id`) VALUES
(25),
(26),
(27),
(28),
(29);

-- --------------------------------------------------------

--
-- Estructura de tabla para la tabla `clavesusuario`
--

CREATE TABLE IF NOT EXISTS `clavesusuario` (
  `idusuario` int(11) NOT NULL,
  `idclavesmensajes` int(11) NOT NULL,
  `clavemensajes` blob NOT NULL
) ENGINE=InnoDB DEFAULT CHARSET=latin1;

--
-- Volcado de datos para la tabla `clavesusuario`
--

INSERT INTO `clavesusuario` (`idusuario`, `idclavesmensajes`, `clavemensajes`) VALUES
(53, 25, 0x64c242dc4a2ee748bbbba5bd907e079fe725559a1e6d51784ad9c4092a4a61b8255fef7e1c5b81548ac2fcd4c4d447dc),
(53, 26, 0x1ff85c1a6b6666d2fe5de8dc4de83a7cdcb590028f20867cc99b8879a5ea6765d5e1bcf9c2dee28d43871932bbf4fcfb),
(53, 27, 0x46e690e5000c08392de37256aa92aa3a4a874d927de0ea2a06fb60952cbe90f25d4c6b3abf6932bdedee6ddcf7cec2bc),
(53, 28, 0xbb28d3c5e3eb27a0941f8a08d16468389a084c39ce5e3e90d25ea2cfb3183f0cb1509b0f19f5d70e1a48c168b53e8770),
(53, 29, 0xb4abdaa277d18c5ccb8cce7fd3524a55aaea54b2571d76aebe31106fe46746570dcdb6deebe16910e85cce8cb11f218d),
(54, 26, 0xf776b7fd6af65745b993e9166d441fa8b8ac240190cfc4d570adb907f6a8ebf608f1e738a34f53cfb02d8b4f1ea6845a),
(54, 27, 0xf16c486a10b53b713201727d22a826728ba7ef8e1bf795bbca1f93399a51a1b0b9b624058cca97b090bd70e918e72c5f),
(55, 27, 0x9eddb1e11fc0ab405e2f0bce5c7b6d9cbe4a477ee53ce321e9aa5ff0bce440d962ef60a643281c0f23faeb72a04cb832),
(55, 29, 0xd7c31107f906913e1246fc447915efb00e9aecc6331ffd3503ac8ade97ac4cdb7c447bf9623826fd0f37f4a55ec9edb8);

-- --------------------------------------------------------

--
-- Estructura de tabla para la tabla `mensaje`
--

CREATE TABLE IF NOT EXISTS `mensaje` (
  `id` int(11) NOT NULL,
  `texto` blob NOT NULL,
  `emisor` int(11) NOT NULL,
  `chat` int(11) NOT NULL,
  `clave` int(11) NOT NULL,
  `admin` tinyint(1) NOT NULL
) ENGINE=InnoDB AUTO_INCREMENT=137 DEFAULT CHARSET=latin1;

--
-- Volcado de datos para la tabla `mensaje`
--

INSERT INTO `mensaje` (`id`, `texto`, `emisor`, `chat`, `clave`, `admin`) VALUES
(119, 0xd35d8f000575aa046c8236db623b5779b36b9e6bb793f2930db30ea75070a13a2bd31f7e3f9bedac66f94026, 53, 19, 25, 0),
(120, 0x581817ef1d19c8959440bb1f376111d598e66b51c2c54d5eeb41a6ef4efb097c3b4cb01f841cee788306854e439f561fac60dbdd0441f3db68c22d4646a1b91a67f59d775295ddaa9ca39cefbca5785751f3e68198d1f2e2f236702576db631cd70346a9d6367f92de63dabee60b2b8d937e9718c68dc491530973f06eea5206a4ffee641a1934306a37d9045627759b73ba88528a4b170f3e6abd1963da656029d7cfe2784dbb86bc44648c16bcce0571919ed3d33fb00645cf11631fbefbe719c2590dff62f287ffadf7391d46c6350b41aee2196b8585271f38b980f5a7d322f776067b56f079985e33c13d147e375df124d868b2cb78d7438d3fb1d02e03, 53, 19, 26, 1),
(121, 0x57d86c725a3460e28d62ed1192633167541d77846f4488bbd3e63c1cee5d8bc89c840b906d288f, 53, 19, 26, 0),
(122, 0x3f091f9b488ab2b47ce124857f401cbd7d687b84a7c6366bfceb62e78a2ec20d6335f7dfa37496ff359e81, 53, 19, 26, 0),
(123, 0x6520d75f5854ba22dac186b4d997b8cb1c60ff06a43d3ad2d54e2e37bf08e8f91cd8774ecd8dfc0bc10fbd2c40cd6b, 54, 19, 26, 0),
(124, 0x9512a46cc65b90518813f19482220c838568858ca00659aa3249748f505ec0c0aef6c4b296d8d971deab9182b0f667f6465fb4876240ababb827a09a3582b003c983f9eb5afd813e13ff7c6fab796b8e50aaa20ade03194e240c654813b3665e1bf984ee87dc0caa8c659b51d1a4b8583466b4b8f2b95af174e5e6eed718667d9c4c8df67af06fd48a65a245cfa17db31256b6e9a96f7d28c1c7899771bfde66f9c69504f0fb4295c61ec230982f57dccea200f245d582074cbd8266a99e56fadaae380fb538ebc76729a64206fdd00aeff6f8aaf73fca86624cf757517ab347788b03a64b942428f94990c8b1809de98b811857c0b33804ba1922bac0ab0b19, 54, 19, 27, 1),
(125, 0x19d142d95102a1b47c2ab0236e7b66bb3207f28112ebea67bc0589c876916b1b15342606f0ecec56cc46d6901ed2a82347ee339e0285f345a7d468d22fb73cddc18d0d81ef3fcb6c29017ce6c5815d6bae984adf05916aea7020ea3a7a4bc2ff7f59fd43f43303395c132fd88b7ed648cbc28e4eb15fcc6c5eea123496f588685d79f66ec177232cf937a948e837241c9101ef7208db920aeeea04965ddf5d53558cd52e03510fadaec105a41e97b93e07283573f22d41fbb20455507561352e131af8399e33d2e5296960ba6a9866723a842dcc6365ea72b159f5ad479c6f002a5eca01d4289c2448bd246f422ab8b85956f1e79084b589eb6456e03a556672, 54, 19, 27, 1),
(126, 0xda1cff120d00a324167c61ed51fc39826f664d29d2690a81d51d6c8d860e9201a056d52ab5e6e9, 54, 19, 27, 0),
(127, 0x77bcc6b7d5c6a301bd65d88e61bf529adda4f4d0859a2f4374a21ff8547189cebc2c183c7e3bbe20d88619, 54, 19, 27, 0),
(128, 0xb70d82477cacea8f8a7e302112c4d1f23faf4ba6d9a18994ef6777e11c04f44a3496344a, 55, 19, 27, 0),
(129, 0x75b3e59e832e8eb072b0216cce09d4ce49a37c8684245640ddc0e03c43e2dd6331b0cb690f1fcd3873d6d224200f84d55e9a169275b7c5d779d2afd029a0d7b42723d51b1bfb3a06f831e3602f186300ea398d966472ad864fed5095f3b0ea4df254827828bfd311bcc37178d1fdfe65d04c1832ea942b94c82ad14203571ad4685fa275369dc380a578651671bf510681961e7f6f94fe1bb316093878b2b74817e744b0bd51b058b3367a05e7d9b7c99cb1a454833ce97000ef202b229afdf3d45e3a9e52709df7f07636387cdcf3b5b60555a38cc4cb001e8318095f6f8294e605f4bcaade6e3b5819fe3547f1e2942e2e9441895e1c9bf4789daf07847b23, 53, 19, 28, 1),
(130, 0x61a1d5440748e9ea841f4dbd03e90282be1b88ab872d83f6a8872935d86fdd78c6ce7b17b90314c5f9, 53, 19, 28, 0),
(131, 0x0fc3f1b7270e2c3747a9634026ce884d7f75cbb3e2544d86d87f194e7e860ec7d137e30edadb765ffa, 53, 19, 28, 0),
(132, 0x7646e0d4822c15026a74985f5cedc269ab3db263152da8e0dc179c313380b0a91c2ef9fa95ceca07911bce2b80a1d34c68e5f51c4b86f888bbf8d29c56670bd4d7a4a346a6b50a25e76f13db02c701094c54145cbfef9a0a98edd69823db2648f23dc224187144105a6a1eb4b08e4117e95764591c52f7c5775e91ed152e95b46528fe27802b41ec16dc96eb6c74cd94972c565b3e462ed25f3887e79dc2bf729e0fe505ae28b08c28d05a0daf1c146419fc4247f1c659acef50c6f6084b11e618c090b63f9ecd3d9e6a11eec21416cd48209000cbfbc71849249455d3ef982e8c5af63ce38d82bcc49342e7fdca9b8d68046e48be57ef75af1c64a2d1fc1132, 53, 19, 29, 1),
(133, 0x518d520155a155a3153fc2a0f14ba2a1ee7de9edf7e0370cc300d2a8c9a0e743ff9faedbdeeaa5c626407ab1271a93625847346255774aee316960b8144879e4adde04bb336df9d87e06e27a9f265704baa1f05b1292968eedbcde620cb8103ac2411a968d097e05ab7a736939d4d1be38452bf94c8c9bca00881e86db8889e0a9607812feac8f87198d442958ce242e997426b6a73001efdbabd351ce9a59c44c128d9a9315d74bff1bf007814e49989f6d765979b05d22adc05a37f5cfc3330876dc8017f9db5cd0d1d7ff7d7b6813c5ce294a0b2e6805c1af02cf320798f5ccc6467c5976a72f07d2c1200bd6616d5a6f2fcef74221f3a83f6dbd64ae0c58, 53, 19, 29, 1),
(134, 0x11610a9ae49c40d41f1091335ca889cff2e5417e91e387a207a3ae64a5d83a3640c684ec7c846c, 53, 19, 29, 0),
(135, 0x203ed5dff722c974384b1c6c51a7c2661089e03f813e409483d53373ff8df12943d58d8172c3a60075142c5731ee, 53, 19, 29, 0),
(136, 0xc655d908bf6ac2e44cd06bd3d3bee4568376f77f054144d72fda59cf697a78c0be35a8, 55, 19, 29, 0);

-- --------------------------------------------------------

--
-- Estructura de tabla para la tabla `receptoresmensaje`
--

CREATE TABLE IF NOT EXISTS `receptoresmensaje` (
  `idmensaje` int(11) NOT NULL,
  `idreceptor` int(11) NOT NULL,
  `leido` tinyint(1) NOT NULL DEFAULT '0'
) ENGINE=InnoDB DEFAULT CHARSET=latin1;

--
-- Volcado de datos para la tabla `receptoresmensaje`
--

INSERT INTO `receptoresmensaje` (`idmensaje`, `idreceptor`, `leido`) VALUES
(120, 54, 1),
(121, 54, 1),
(122, 54, 1),
(123, 53, 1),
(124, 53, 1),
(125, 55, 1),
(126, 53, 1),
(126, 55, 1),
(127, 53, 1),
(127, 55, 1),
(128, 53, 1),
(128, 54, 0),
(129, 54, 0),
(130, 54, 0),
(131, 54, 0),
(132, 54, 0),
(133, 55, 1),
(134, 54, 0),
(134, 55, 1),
(135, 54, 0),
(135, 55, 1),
(136, 53, 0),
(136, 54, 0);

-- --------------------------------------------------------

--
-- Estructura de tabla para la tabla `usuario`
--

CREATE TABLE IF NOT EXISTS `usuario` (
  `id` int(11) NOT NULL,
  `nombre` varchar(15) NOT NULL,
  `estado` varchar(139) NOT NULL,
  `clavepubrsa` blob NOT NULL,
  `claveprivrsa` blob NOT NULL,
  `clavelogin` blob NOT NULL,
  `salt` blob NOT NULL
) ENGINE=InnoDB AUTO_INCREMENT=56 DEFAULT CHARSET=latin1;

--
-- Volcado de datos para la tabla `usuario`
--

INSERT INTO `usuario` (`id`, `nombre`, `estado`, `clavepubrsa`, `claveprivrsa`, `clavelogin`, `salt`) VALUES
(53, 'pepe', '', 0x30820122300d06092a864886f70d01010105000382010f003082010a0282010100c3eaba0ba0f24af41ed33356c3c15065135a5c494a6cee87dbf25840382d2319bc51fde69efc606df33aab1766518638d349dea9007c8a43422b4aff4442d6a274b32072b8bc690b607e4e2e0e62af7f372517ac1cdb3da244836c992c12cec0cfd89f09693cc578bb3d091d4d4f5d1188561d240e6458499f7647882ff45ce5b10c05c3499b597d97b1c173134a501c5bdfdaafbcd97c8277345e4a70fc553fdd9a544ee68c42ca860750ac4d6fbad233bf039e4913647f1f2998629c4d77df0961ed0a9c086dc4c01be98aa4e24387018ccf3aa9667ab2537ac61d5ccf2645491323e391dd089e4b23f1a8f965dde6f7b91f43c8043f8196abf47bb44664cf0203010001, 0x29bc8f058952ac5336dcb743528909bd75da17f0afbd560c1cffa3d4a14e48fbda894a686e6dc1692ead8148aaf24ece4e854ec86430e69e8b491807f7618ceb236adac4ec735d306073a9746669f753a4a72102172311312ba4c8e75d21be911674b1182e52fffd3062eb0df86581f857721f4557772bf655095a23e07c4e9cbedf476cc06f606f7dc0663df258e2ce30f921f99d15844c46c10060b4a666463ecd7f3ce7fd0807e3dc917c54753e685963854a1f6480989c1830d65766d86434da125e8590249fb6e87e245807cb635a8eb43fa84381ed5bd2299a8318724d5a5b1b0511aacd634de39fdab39e9b5bc74441bba9714f2d2c7a7959cdc6afbfa2506431708197fa6519bc14d8ef71a305036782107c7952f2796909803ee376568251206f4cb735ccee4c2d51cfc17d13bbd466aa93b116927a0bbae59252e68e7c6dbb7e94e0f0519d9c4bcd5646749fb91d9ec6c36c933e4345c0112044745f006d2b11ecf8eff59ad40bc829074afc5849252cb4a34665c4d4a06e641e3f4bbd4da9a001a6dd971b1da0d812f5d5928c5b75ec6bc782a01263fc0d1c5922405ed63ae64ef34bba0b2ad76679a4dbcf8c878966a4e4f69af0add9814784759cbd9955bc65578e1e2b1c31d30bde39182f6fe15626b098cd1e199abbd07b3b0a93d014c7cc84df673862df1458baa592a2eafcda01094dc7c310e23086e84ace0dfa9ddf3e33e05f00a7b15eb4048d7b3d121917e97cb8fbf3c11bc9d6e43d91e3dd56d32d501c7648f8af22d8266136759b40f8f664167b01026155167211f6b80d6ec1745095107d08b99dbb869bc4f908e476f6c469fe2a35382fae9c6c80243210897a33f2ed8c2c5785a5fc0d8e3375628300305e21cae1e72d0a5909829c883159ac6dea55c0bfd3d1a352a8ecd351814eb530df30ad0cc462b2d01cb61f834e248041926860f9291933fe6a9a34b90f938e6d79d75a2b34d891de3dc5fdc6dcda58e90b058a69043fba1fd9be7185a2ca2f0bde86ece2bad33a6818185f2d8ebaefe263713696b59c74d2ed9afcf2adf39569a4f71e03fd6c2c06344a540b9e067aab3ae01eb52cff854aeef85e61f6fa38820c3508442753a52cbb00424cf2ee57475333e38bcc64c7366cfcf7d6814d90fa2e16516def3bbd72d22255eadb831c789f40c9e294dfe0fe1ba7ea04fec8dbd18f265bfc668f534ff6c08d3ff15498f483cdb9ed2707decf9b647768f85b6fbe29d7005729541effb8cb8d7b76bea8a1d9f4ad0c419d77661c71272956cbba8d4ccf5425de95acea56fc29fd419f715d1165723cc8413bc06fa9111fcd4aa43acedf01d0351f380442f5922022c2fa3c25bf2736894b8dcd1e02d66560f64e59be84d528e9f90e0fea1b8308daca7094987113b2d579efea400d2de4249c8d3c5a0cd1abe38fba83d43b2447d310ccaf09219e85c310603a68926a163ea400a971fadafb5ca6aa0c981b49dd1b0baca669789263d05ed5a8c730c73377f5052975cd18dc164f368f2f2c2ee619ed98ce78548655558769f538d0d2b478d46a561496ff0a24fdaa36bfd61bab59c3756c6491012903df00f6f5ff9020f10c561324a676594a5da70a15a4db4075c675d8d1ec6fccdc76698dbee1dd067eb4f178a00eb5107bb21f5d432dc6c9054e96a64c7e0520796c045456700edf0c3393, 0x71a0111f2db802567359f35ca0a9755f4bd22cb2af2bd227b258a0e3ec755fad0d54c3fb2c6426b185ed28cc7f8577113aa1735e25ea3f9988489eae5b084a95, 0x5c66fc2d390ff7e72a1f105b67d8d2f0687118b87e20aaee52abf0a5238fadcf),
(54, 'pepa', '', 0x30820122300d06092a864886f70d01010105000382010f003082010a0282010100a38dfafd7672c9840936335e5fcb07a7a82faf3dcbfd2596fad7b26f89f64bd22db58a18140dae9eb35c559a9f49e8fc4f34e2050f03c68636ce1ebd2f9c6354391b85743ac96528d738692572a2912df8131626020ec5784e8b2f934452d21fb619a941daddf1463ca860ac1ecab772c55302a071388a295a3c18280c7ea66a9e5b4dafbd40724d352f936ccbc05b68113fa52fa110eaa07e019e69711ce6bb4967e1ece2e51ae192630cb9905ca92c0f056c2c3fdd8af426b42adb968801c2bf38e0ad6b2ab856177c17f33f87949693364f57cafbe2ccb137306460af1c2fc8f9323b9347894da58f25568f8c80b009e2b444ae237f956878be65011ded9b0203010001, 0x4aa97db54769f33575389a3ee4d336d3a918a350c73497350636f687e8e3b175e7e9409b8a56c790ac04e777ee688ed2cf9f8f150dc7790ecf59f5957ac27da39d3f977f2f6353962b90cb7874395ae65de8feffc17ddf1c669c98e374b4e72b08bf226f25a1090bb448db33f9883612c7a8c845701967c42a852baa79b09598a07ae2d508dd03ed667cdd5fdd724ac9876c21d52971478ff65349aa19e45546d08a8181d08275d1981b46273a398ffabcfe9585172a92e47da5bea49b9ae6f12313da11082c424a90ae4978fa79ea188f34035d0a0b118313963470b110ed8332020f9c45ffef3f835e1f4039a490c927f492bcb3c4cfd17c1b7a4859ae77c2712354775ea3dc98a9b9ad80a9ae7188d2799f10d86c6648dff72fec3d1c08dd5fe222f76ddaba63d91af4fbc2018637ba2ffb5cb9eae919af3c5c82a74088c7632a0166398428beb809e5c788f2ec916273e47d0c7a4e86e78e3cc5a1460aecfa3a0e0b6ef6fea9ace2029daa59e221b5ee01c70241c5be19c499a9d4f9ce676be3b142f168e213610239946354d2d0d69c23b257ba812fbc349305664333b54503e9ce910769d1dd940099d2416e3064852179ee22d1f3c56d60fa36dc70a73945ae7e638da3dbc18bd60fb231c65b07ace7c3ce774d2f4fda1831c368ceff00fe2f32e8f9e822839840784d98088bb25fde86a3a846d199fa195a19c00c88e74b03a9244883f950b159ff7a96ca792668179f16252e1577627142d0ff2be981f4f6737203983b7ca276c76cff8bfe7c2b87005f43aece641a53d42b8f4ff1df4625af17845a75d27e883418947034e5499bedc7ee408e62b196e2c4b2c5474467fad68e22cb6bb214f1e3547bb0ff89544b1a9b18c81542491b5f20553fb4a654100945e14f6ef7d62a27a6bc9d6138307df8de771a872b9bd2a7818fa65864e648e5fd01df0f0943b5bf33fdcfa101d8dc787094b0c8eef97237c5702ffc305a5fb49d2f07d99b5df995f1d6f1a8f506159fb7cc4c65a4c4dd09225eb54c8555dfde8411ba15c4f9283be17a2e8fe3206a3b364e38c11d469c85427757980890a577e24bbb721f75fcf57ed9b1f31c41478ec070f8a8df2871fb4f9b794d90f5109d74408e21acae9268aa46fac50aaab4d5f796fec4a0ed709726bfe08f0ae2e9b428c55cda49c1d19b330be4f08b500723406a9cd662e228613400ae24c98fe515df00ef56167cac5931187c4e31f00ec5929ad0ec2ab9881cad40de5d182fdacab37f4f0e809f75ec8a544043a83ce294e8a803d75f4a77ec80101e19dc3af417cba9d555693f585cbefd836c8d749be5adc4a6c5125b9d6a3127b73d605b2d26572b237b93654b79512f8913490bdd443414aa1e953e3a5c7d048e1b324efc6649301602a2cd9179def727dbfe5a1eb58875903e29f1e2bea6b985d5fd6616e591cc80ad4ea1247769cbc8e25f5fd00b5dd6ecce600012a11c1dfe619eedf63af2e8866da800d1fc979d1a7be240c9087483407c24f76e03a5f0bb7341eb4249e1ce5657ef861d5bf3a5caa3984bd2f010ca2c1808b64d819e4960b7faf847e4f65ea9a93cfd41e16e65ec1edd094bf2d9d8e3f5e41031c919aa7657f2f99960b33787bcb7658cee6382a394a1b0c8b77a57711f61d35d6463cc48d2e56bd856419ad4a774cda22e3fa64abf937adf5d3e46e58003, 0x1feb0d4402330ba05de66a1d7fe71d718cb35be9fbc8287e2f9ef47cf96ecd53315db7cbb31976ccbee3b3db970e7b260f5cd3b669d25c0440c203c290408bdd, 0x683d54fd69fe3f74a3fee786e9093272395b2788ae1f2b1f3c3bbda074aa9210),
(55, 'pipo', '', 0x30820122300d06092a864886f70d01010105000382010f003082010a0282010100bf92258589eeb14a8ecafbadec58a134ddf9ee38342ff95eadc4f8312df9224c393a20943ada4c25f2ef1f7083d2ce78c1fde4f5ed3002e2d6ff7690a5b07b3e2e273d9e546f1f6616b553272578cb9b2cd7cffb6c13974b08affa08be7407367eccc9099f6b05b5ecef68fb3838f1235be3b14c219e843cfff32414418b50a1d8b0574918646befafcefb9bfa7da5fa0887deccf12c72a85aa9bcfabc14bfb23c863d2f382350ce736a306b4721e5c4e898ac063bdff8593ffbf60494aa2c65afd286da3def12d0ca6a7273b12a208a049d27806090bbeaa79ab48e00dda7693da01e4882561c1a6789a9deeeced1206d27c0c4c4d7d5cd5145e299f455dbe10203010001, 0x5a625a15bdfd750a97abe1531fc89bb53b0fb145f6583075eb483fe9d60eac6b39dd0452f271e54363dc60086e567219392ec8fca57898b421f202d7b0fc7e633add1fb261f50965b4da0cd83040bdc96608f2a2899ad47a30cbe8d522f558453527aad9093e32c9896980c7a9df637c03b4f4030b6cf25ed799a955c3529d264021e9a0601616e36f88e709620c8f39562b51b26a2b2ee24e3ddca0ad405b9881ee0aa8014eaeec3636dcab526a8c2a93b49c6167db2e3a05ef4a3389082109bcf52baf84f4756286edc8f07f8ee7864ed1037e9466347ab7840f56bc46627e23780289ab4ad28200b2eb481780e7d551841e96d5ef77855cc84d642440df80105a8cfb32ed63dd8ddcb6537292a78c1b7c074bf83b6b56a12f44426b8c2f2a1d024a9c20298c7258dadcfd10653b6951f06c21ac2c6f5b1b64abcd263ae6d7a06f8aa14ed4bda05efa21904bb00ba7343a6f195c6e2b07e20b5d3c4e82b5598b40dc23dc4f00d5b20b082af19b42d948fa63524144287849fe6c58252714c708be523833aeaedfd7ee4af7872737bef7bf08265af5ab1fc5c8d690a96162d513927b564d891ec6153af82c17dd3189bb333b3a80dc04cfd88895c11b3086c69feed8572f29f1a52d691ebf2d3e89403c5dbd25d54f050418cbb254391acff33360bed9823f862779400dd2fd528bb4e3503f62bacdfd3c306d1007abb7e6a71b34b12e0802ba9c4210fb489a039ca0e432947d55a8e4f919a3b22e1f7e3e2ff3c4bd99a80ff5dd50093e12bd3ff23cd36fd14a94e033fb9773a0f48d9ef3f346fe25ee16fc4af8ebd2a594985cbeaacd95ec221d0aa42983a085c02756d2ed6d746205acfd3e65f9ae3be10e0a709f97594d1b1f5e3e22d64ebac62f1131d21258f455b57f788b8ba56ddebafdcafe87056203c92232e40c75e9b7cd18c0263e90d6a53020b403505c5e29b6d0adce1d0116e7386b15f1731040f8c173406032e414bafea8d5d50e90d33afd4048f11aa916a56f2b8c1c94bed8c57c760ad7c5b804ca0ef54a4628068de8991c3610712389f0ed8c7b008e20929082bde71942219ebbd58b7160273a15a3e67510384046969a87fde9a707ee2ce02c5246d75b7a3a88d1f9dca12cd82021103be43bcb0274ad99e063ffe7b28c99a1556543daf66b96f2542186fdc3059d7fba2fc2e342a3823e5d77ba20538ac11ccb575237ad4f834e4faa1a29f8a8f0c5252da8a05739f33c76c645779cf468732d4fd74e8fa04c497983ac6b2912e7b44bf4334ceaa3ccb8a1687202f4cd47a6abbff466c08b4f9dcee500383b74785fc9e34e8c407024e1222064fd333e3d7060cfe36160fe50903e361368fbc8ea768fe84aca55ea8ab00635d4da9902f79fbbf730154b352b60cf2cf88a41692e450ce9cf3a1cc56946804d260a3206d8de21d6277d6de0917fd8ec264c280be3b7f104fa2fca5ab12ba627286bea6bb7afa2d37f03ee46a9422be693e2afa13dbfd15c15cbcd87d55031f9e517d6b91a71de9ce4bf3680a4820c3132bef29cae1b7b321e10a1dfa27c59a7781fd5e245ccfb70110e6e649726232c265e4511d4577986dd581a1b674e0de729edf158134a9303b0eaae72de6c5e88b15ef7d042fb8390f5fc4ca35937de44ac47aa52b5bfd6e3bba12f6c4cb026b9c9bc890909838d3f55d86c8c320f852622, 0x8ffc0893b2c9fcd30fd0b71dd2a0090764aa4c3b3784dba3ec02399b11272c50c623674835f556be36a1b8b2e2ee157e4a22bd88c79d7cb9cbcc9e52b0304cba, 0xe1a4742f8c4363087ab90ad89fe0e525e71d6e7b3dad0cbe4bce60f96b5360ea);

-- --------------------------------------------------------

--
-- Estructura de tabla para la tabla `usuarioschat`
--

CREATE TABLE IF NOT EXISTS `usuarioschat` (
  `idusuario` int(11) NOT NULL,
  `idchat` int(11) NOT NULL
) ENGINE=InnoDB DEFAULT CHARSET=latin1;

--
-- Volcado de datos para la tabla `usuarioschat`
--

INSERT INTO `usuarioschat` (`idusuario`, `idchat`) VALUES
(53, 19),
(54, 19),
(55, 19);

--
-- Índices para tablas volcadas
--

--
-- Indices de la tabla `chat`
--
ALTER TABLE `chat`
  ADD PRIMARY KEY (`id`);

--
-- Indices de la tabla `clavesmensajes`
--
ALTER TABLE `clavesmensajes`
  ADD PRIMARY KEY (`id`);

--
-- Indices de la tabla `clavesusuario`
--
ALTER TABLE `clavesusuario`
  ADD PRIMARY KEY (`idusuario`,`idclavesmensajes`),
  ADD KEY `clavesusuario_rest2` (`idclavesmensajes`);

--
-- Indices de la tabla `mensaje`
--
ALTER TABLE `mensaje`
  ADD PRIMARY KEY (`id`),
  ADD KEY `chat` (`chat`),
  ADD KEY `clave` (`clave`),
  ADD KEY `emisor` (`emisor`);

--
-- Indices de la tabla `receptoresmensaje`
--
ALTER TABLE `receptoresmensaje`
  ADD PRIMARY KEY (`idmensaje`,`idreceptor`),
  ADD KEY `receptoresmensaje_rest2` (`idreceptor`);

--
-- Indices de la tabla `usuario`
--
ALTER TABLE `usuario`
  ADD PRIMARY KEY (`id`),
  ADD UNIQUE KEY `nombre` (`nombre`),
  ADD KEY `nombre_2` (`nombre`);

--
-- Indices de la tabla `usuarioschat`
--
ALTER TABLE `usuarioschat`
  ADD PRIMARY KEY (`idusuario`,`idchat`),
  ADD KEY `idchat` (`idchat`);

--
-- AUTO_INCREMENT de las tablas volcadas
--

--
-- AUTO_INCREMENT de la tabla `chat`
--
ALTER TABLE `chat`
  MODIFY `id` int(11) NOT NULL AUTO_INCREMENT,AUTO_INCREMENT=20;
--
-- AUTO_INCREMENT de la tabla `clavesmensajes`
--
ALTER TABLE `clavesmensajes`
  MODIFY `id` int(11) NOT NULL AUTO_INCREMENT,AUTO_INCREMENT=30;
--
-- AUTO_INCREMENT de la tabla `mensaje`
--
ALTER TABLE `mensaje`
  MODIFY `id` int(11) NOT NULL AUTO_INCREMENT,AUTO_INCREMENT=137;
--
-- AUTO_INCREMENT de la tabla `usuario`
--
ALTER TABLE `usuario`
  MODIFY `id` int(11) NOT NULL AUTO_INCREMENT,AUTO_INCREMENT=56;
--
-- Restricciones para tablas volcadas
--

--
-- Filtros para la tabla `clavesusuario`
--
ALTER TABLE `clavesusuario`
  ADD CONSTRAINT `clavesusuario_rest1` FOREIGN KEY (`idusuario`) REFERENCES `usuario` (`id`) ON DELETE CASCADE ON UPDATE CASCADE,
  ADD CONSTRAINT `clavesusuario_rest2` FOREIGN KEY (`idclavesmensajes`) REFERENCES `clavesmensajes` (`id`) ON DELETE CASCADE ON UPDATE CASCADE;

--
-- Filtros para la tabla `mensaje`
--
ALTER TABLE `mensaje`
  ADD CONSTRAINT `mensaje_ibfk_1` FOREIGN KEY (`chat`) REFERENCES `chat` (`id`) ON DELETE CASCADE ON UPDATE CASCADE,
  ADD CONSTRAINT `mensaje_ibfk_2` FOREIGN KEY (`clave`) REFERENCES `clavesmensajes` (`id`) ON DELETE CASCADE ON UPDATE CASCADE,
  ADD CONSTRAINT `mensaje_ibfk_3` FOREIGN KEY (`emisor`) REFERENCES `usuario` (`id`) ON DELETE CASCADE ON UPDATE CASCADE;

--
-- Filtros para la tabla `receptoresmensaje`
--
ALTER TABLE `receptoresmensaje`
  ADD CONSTRAINT `receptoresmensaje_rest1` FOREIGN KEY (`idmensaje`) REFERENCES `mensaje` (`id`) ON DELETE CASCADE ON UPDATE CASCADE,
  ADD CONSTRAINT `receptoresmensaje_rest2` FOREIGN KEY (`idreceptor`) REFERENCES `usuario` (`id`) ON DELETE CASCADE ON UPDATE CASCADE;

--
-- Filtros para la tabla `usuarioschat`
--
ALTER TABLE `usuarioschat`
  ADD CONSTRAINT `usuarioschat_ibfk_1` FOREIGN KEY (`idusuario`) REFERENCES `usuario` (`id`) ON DELETE CASCADE ON UPDATE CASCADE,
  ADD CONSTRAINT `usuarioschat_ibfk_2` FOREIGN KEY (`idchat`) REFERENCES `chat` (`id`) ON DELETE CASCADE ON UPDATE CASCADE;

/*!40101 SET CHARACTER_SET_CLIENT=@OLD_CHARACTER_SET_CLIENT */;
/*!40101 SET CHARACTER_SET_RESULTS=@OLD_CHARACTER_SET_RESULTS */;
/*!40101 SET COLLATION_CONNECTION=@OLD_COLLATION_CONNECTION */;
